payment_method,order_count,return_rate
cod,96681,0.0890247308157756
apple_pay,64763,0.05027562033877368
credit_card,356352,0.04985519935344827
paypal,97018,0.04982580552062504
bank_transfer,32131,0.049765024431234636
